<configs>

	<set xpath="/items/item[@name='meleeWpnSpearT0StoneSpear']/property[@class='Action0']/property[@name='Range']/@value">4.4</set>
	<set xpath="/items/item[@name='meleeWpnSpearT0StoneSpear']/property[@class='Action1']/property[@name='Range']/@value">4.4</set>
	
	<set xpath="/items/item[@name='meleeWpnSpearT1IronSpear']/property[@class='Action0']/property[@name='Range']/@value">8</set>
	<set xpath="/items/item[@name='meleeWpnSpearT1IronSpear']/property[@class='Action1']/property[@name='Range']/@value">8</set>
	
	
	<set xpath="/items/item[@name='meleeWpnSpearT3SteelSpear']/property[@class='Action0']/property[@name='Range']/@value">10</set>
	<set xpath="/items/item[@name='meleeWpnSpearT3SteelSpear']/property[@class='Action1']/property[@name='Range']/@value">10</set>
	
</configs>